date,trades_count,pnl_sum,pnl_mean,pnl_median,win_count,avg_size_usd,avg_fee,win_rate
2023-01-05,3,0.0,0.0,0.0,0,159.0,0.0,0.0
2023-05-12,9,0.0,0.0,0.0,0,5556.203333333334,1.3890505555555555,0.0
2023-12-14,11,-205.43473700000007,-18.675885181818188,0.0,4,10291.213636363636,2.5728028181818186,0.36363636363636365
2023-12-15,2,-24.632033999999997,-12.316016999999999,-12.316016999999999,0,5304.975,1.3262445,0.0
2023-12-16,3,0.0,0.0,0.0,0,5116.256666666667,1.279063,0.0
2023-12-17,14,304.982785,21.78448464285714,0.02676,7,8305.572857142857,2.076392785714286,0.5
2023-12-18,2,0.0,0.0,0.0,0,15582.089999999998,3.8955225,0.0
2023-12-19,15,1000.5386120000001,66.70257413333334,4.502567,10,6106.827333333334,1.5267064,0.6666666666666666
2023-12-20,18,162.732282,9.040682333333333,0.0,8,7868.710555555556,1.9671770555555557,0.4444444444444444
2023-12-21,49,537.211402,10.963498000000001,0.032592,26,2555.795306122449,0.6389483469387754,0.5306122448979592
2023-12-22,10,141.832675,14.1832675,0.0,2,8887.428,2.2218566,0.2
2023-12-23,13,146.936704,11.302823384615383,10.836504,8,6033.711538461538,1.5084273076923078,0.6153846153846154
2023-12-24,39,1008.619956,25.862050153846155,0.0,15,10332.177948717948,2.5830439743589744,0.38461538461538464
2023-12-25,3,-245.081348,-81.69378266666666,0.0,0,19982.836666666666,4.995708333333333,0.0
2023-12-27,28,-704.8892269999999,-25.174615249999995,0.0,4,6121.823571428571,1.53045525,0.14285714285714285
2023-12-28,23,-970.730876,-42.20569026086957,-13.250952,0,4352.923913043478,1.0882304347826086,0.0
2023-12-29,50,508.92214299999995,10.178442859999999,0.0,15,11391.1944,2.8477980200000004,0.3
2023-12-30,52,354.998648,6.826897076923077,0.0,23,13510.58096153846,3.377644730769231,0.4423076923076923
2024-01-01,18,-129.53146,-7.196192222222223,0.0,1,14679.973888888888,3.6699926111111107,0.05555555555555555
2024-01-02,6,0.0,0.0,0.0,0,334.69666666666666,0.08367399999999998,0.0
2024-01-03,137,8244.241409,60.176944591240876,27.04384,128,3452.370072992701,-0.00399163503649635,0.9343065693430657
2024-01-04,77,2507.963406,32.57095332467532,0.54675,42,4408.7074025974025,1.087680025974026,0.5454545454545454
2024-01-05,14,0.0,0.0,0.0,0,6216.103571428571,2.175636285714286,0.0
2024-01-06,25,91.510419,3.66041676,0.0,9,513.3848,0.17968424,0.36
2024-01-07,64,5065.839308,79.1537391875,0.0,26,5666.721093749999,6.645672265625,0.40625
2024-01-08,57,167.080017,2.9312283684210527,0.0,4,3996.044385964912,1.8964041403508771,0.07017543859649122
2024-01-09,12,137.433093,11.452757750000002,0.0,5,1029.9733333333334,0.36048841666666664,0.4166666666666667
2024-01-10,4,0.0,0.0,0.0,0,34988.58,12.2460025,0.0
2024-01-11,23,1040.475736,45.238075478260875,0.0,6,11347.001304347827,3.941516304347826,0.2608695652173913
2024-01-12,416,40886.364494,98.28453003365385,0.5600160000000001,221,1958.441875,0.5898647869711539,0.53125
2024-01-15,14,152.85358,10.918112857142857,2.4946450000000002,9,3616.8642857142854,0.9037651428571428,0.6428571428571429
2024-01-16,9,-2299.171458,-255.4634953333333,0.0,3,12936.37,1.9243676666666667,0.3333333333333333
2024-01-17,53,813.2741110000001,15.344794547169812,0.0,11,15110.019433962265,3.0133510566037733,0.20754716981132076
2024-01-18,46,68.93319,1.4985476086956522,0.0,3,9231.120217391304,2.014302195652174,0.06521739130434782
2024-01-19,48,-385.419235,-8.029567395833334,0.0,6,8925.603541666665,1.9385805833333334,0.125
2024-01-20,106,-146.57487000000003,-1.3827817924528305,0.0,15,10095.193490566038,2.5237979528301886,0.14150943396226415
2024-01-21,11,266.58114600000005,24.234649636363642,0.0,3,9375.43090909091,2.343857272727273,0.2727272727272727
2024-01-22,85,1375.640959,16.18401128235294,0.0,23,3975.0469411764707,0.7938619764705882,0.27058823529411763
2024-01-23,45,-369.2447299999998,-8.20543844444444,0.0,11,9211.531777777778,1.9049904444444445,0.24444444444444444
2024-01-24,68,-2808.353815,-41.29932080882353,0.0,10,14192.42044117647,3.3495749264705883,0.14705882352941177
2024-01-25,6,-3093.6293849999997,-515.6048975,-481.44219250000003,0,11094.355000000001,2.773588666666667,0.0
2024-01-26,5,90.2,18.04,0.0,1,2354.642,0.088847,0.2
2024-01-28,11,-2478.06972,-225.27906545454545,-68.216526,0,1646.2754545454545,-0.03292509090909091,0.0
2024-01-29,74,486.562542,6.5751694864864865,0.0479375,45,5597.407837837838,1.395440608108108,0.6081081081081081
2024-01-30,49,-173.65419100000003,-3.5439630816326537,0.0,5,8183.905714285715,2.045975714285714,0.10204081632653061
2024-01-31,859,-799.840817,-0.93113017112922,0.0,231,7340.683504074505,1.8037386204889407,0.2689173457508731
2024-02-01,17,783.979116,46.11641858823529,0.0,8,7138.1611764705885,1.7845397647058823,0.47058823529411764
2024-02-02,42,456.423473,10.867225547619048,0.0,13,11292.343571428572,2.1802294285714288,0.30952380952380953
2024-02-03,31,230.90060000000005,7.448406451612905,1.3124,21,2038.6309677419354,-0.0151331935483871,0.6774193548387096
2024-02-04,41,883.760812,21.555141756097562,0.0,12,5845.475853658536,1.9544530243902436,0.2926829268292683
2024-02-06,93,192.906947,2.074268247311828,0.0,34,316.822688172043,0.08379475268817205,0.3655913978494624
2024-02-07,18,2421.253116,134.514062,10.35,13,1852.6372222222224,0.6365961111111111,0.7222222222222222
2024-02-08,63,782.3681909999999,12.418542714285714,0.0,17,6290.799523809524,2.3098486031746033,0.2698412698412698
2024-02-09,2,0.0,0.0,0.0,0,15000.21,5.250074,0.0
2024-02-10,4,0.0,0.0,0.0,0,24988.585,8.746004249999999,0.0
2024-02-11,2,0.0,0.0,0.0,0,20000.0,6.9999985,0.0
2024-02-12,270,18489.604313,68.48001597407408,0.0,110,2167.568740740741,0.5477326429259259,0.4074074074074074
2024-02-13,14,559.44389,39.960277857142856,30.05825,14,142.85642857142858,-0.0028565714285714284,1.0
2024-02-14,111,3830.599833,34.509908405405405,16.74,83,2890.4493693693694,0.20646372972972976,0.7477477477477478
2024-02-15,63,1840.797677,29.219010746031746,13.15072,57,2939.4926984126987,0.4874015396825397,0.9047619047619048
2024-02-16,182,5491.768834,30.174554032967034,11.42332,146,3103.826978021978,0.14958884615384616,0.8021978021978022
2024-02-17,94,1929.6418,20.52810425531915,4.1904,61,4320.405,0.6601601382978723,0.648936170212766
2024-02-18,97,477.6248299999999,4.923967319587628,6.59648,61,1619.0532989690723,-0.032380670103092785,0.6288659793814433
2024-02-19,101,4317.768563,42.750183792079206,10.73646,77,2835.417821782178,0.14705564356435644,0.7623762376237624
2024-02-20,39,3263.628824,83.68279035897436,13.6526,31,3062.0441025641026,0.07881217948717949,0.7948717948717948
2024-02-21,22,1858.7985700000002,84.49084409090909,25.544000000000004,15,4911.250909090909,0.13502859090909092,0.6818181818181818
2024-02-22,88,3894.1050699999996,44.25119397727272,0.0,40,4239.02125,0.28923386363636366,0.45454545454545453
2024-02-23,143,1418.55293,9.91995055944056,7.189966,137,776.966013986014,-0.014455027972027973,0.958041958041958
2024-02-25,5,-30.7705,-6.1541,0.0,0,896.0260000000001,-0.01792,0.0
2024-02-26,39,4416.8473,113.25249487179488,31.028709,34,4927.875384615385,-0.002505769230769226,0.8717948717948718
2024-02-27,63,888.511733,14.103360841269842,0.0,26,3323.2111111111108,-0.05970807936507937,0.4126984126984127
2024-02-28,45,2503.747235,55.63882744444444,18.122,39,3802.380666666667,-0.030603377777777777,0.8666666666666667
2024-02-29,116,9813.996992,84.60342234482759,29.654400000000003,100,3410.9200862068965,0.01171625,0.8620689655172413
2024-03-01,67,866.015507,12.925604582089552,0.0,28,5888.050149253731,1.4720121044776118,0.417910447761194
2024-03-02,56,223.30918699999998,3.9876640535714283,0.0,6,10782.5,1.9582562321428572,0.10714285714285714
2024-03-03,79,8361.086245,105.83653474683545,15.04116,54,4946.1478481012655,-0.031735481012658225,0.6835443037974683
2024-03-04,4,126.7884,31.6971,0.0,1,4221.8925,0.41530025,0.25
2024-03-05,36,5306.017045,147.3893623611111,0.0,17,7852.295833333333,2.7475189166666665,0.4722222222222222
2024-03-06,70,562.808208,8.040117257142859,4.63499,44,306.66942857142857,0.07682979999999999,0.6285714285714286
2024-03-07,18,1118.387284,62.132626888888886,0.0,4,9977.814444444444,3.479371222222222,0.2222222222222222
2024-03-08,37,464.1897,12.545667567567568,0.0,1,7852.239459459459,2.936570432432432,0.02702702702702703
2024-03-10,9,100.375782,11.152864666666666,0.0,3,14770.632222222222,5.169721222222223,0.3333333333333333
2024-03-11,6,0.0,0.0,0.0,0,21509.27666666667,6.734025333333334,0.0
2024-03-12,374,23576.539285,63.03887509358289,0.0,161,2900.177887700535,0.8838852719518716,0.4304812834224599
2024-03-13,7,0.0,0.0,0.0,0,857.2571428571428,0.30003971428571424,0.0
2024-03-14,18,3465.865832,192.5481017777778,50.144227,16,11440.732222222221,0.6509328888888889,0.8888888888888888
2024-03-15,62,6236.513651,100.58892985483871,24.1152,41,5675.71629032258,0.7981452096774193,0.6612903225806451
2024-03-16,8,228.57984,28.57248,0.0,1,4652.9575,1.316035,0.125
2024-03-17,23,503.293955,21.882345869565217,0.0,10,4326.389130434783,1.4679708260869564,0.43478260869565216
2024-03-18,19,1456.9577,76.68198421052631,0.0,6,4760.951578947369,1.3128042105263156,0.3157894736842105
2024-03-19,24,668.797973,27.86658220833333,0.0,5,9161.868333333334,1.0828463333333334,0.20833333333333334
2024-03-20,69,6423.134599,93.08890723188406,14.004,60,3126.171739130435,0.5779541739130435,0.8695652173913043
2024-03-21,28,2335.5080749999997,83.41100267857142,27.4342,23,4210.556071428572,0.5855267857142857,0.8214285714285714
2024-03-24,19,1297.018477,68.26413036842105,35.104212,15,4873.274210526315,0.4678335263157895,0.7894736842105263
2024-03-25,7,1302.916428,186.13091828571427,149.807117,6,8159.4742857142855,2.855816,0.8571428571428571
2024-03-26,118,3215.906593,27.253445703389833,18.078525,110,1682.7558474576272,0.238537313559322,0.9322033898305084
2024-03-27,38,150.41114,3.9581878947368416,0.0,12,2628.020789473684,0.8346829473684211,0.3157894736842105
2024-03-28,13,227.85100799999998,17.527000615384615,12.233936,9,2717.209230769231,0.6968637692307692,0.6923076923076923
2024-03-29,15,883.097404,58.873160266666666,0.0,6,5794.291333333333,2.028002,0.4
2024-03-30,45,1100.57514,24.45722533333333,10.11075,44,2246.753777777778,0.22087675555555555,0.9777777777777777
2024-03-31,13,912.786145,70.21431884615384,16.0695,10,3070.2276923076925,1.0745786153846155,0.7692307692307693
2024-04-01,5,-67.60364,-13.520728,-0.0786,0,19958.508,4.989626400000001,0.0
2024-04-02,35,47.62389499999999,1.360682714285714,-0.02695,9,5805.358,1.4436251428571427,0.2571428571428571
2024-04-03,300,27799.775742,92.66591914,30.85353,266,5259.989566666667,-0.0018648299999999998,0.8866666666666667
2024-04-04,32,0.0,0.0,0.0,0,2999.6165625,1.0498651562499999,0.0
2024-04-05,9,0.0,0.0,0.0,0,6555.416666666667,2.2943954444444445,0.0
2024-04-06,53,52.211438,0.9851214716981133,0.0,25,457.42283018867926,0.1402443962264151,0.4716981132075472
2024-04-07,25,0.0,0.0,0.0,0,17222.720400000002,4.5209858,0.0
2024-04-08,127,-122672.000883,-965.9212667952756,0.0,3,9509.795826771655,3.5110412204724413,0.023622047244094488
2024-04-09,34,1065.785132,31.346621529411763,0.0,5,3867.0873529411765,1.8697125588235293,0.14705882352941177
2024-04-10,1,0.0,0.0,0.0,0,0.34,0.0,0.0
2024-04-11,36,2799.410474,77.76140205555555,29.134382,23,12550.332499999999,4.392616111111112,0.6388888888888888
2024-04-12,319,292891.815021,918.1561599404388,0.0,148,2411.5600313479626,0.5410859487460815,0.46394984326018807
2024-04-13,89,6621.451755,74.3983343258427,15.90732,61,5465.294943820225,1.337069393258427,0.6853932584269663
2024-04-14,107,-36104.012520000004,-337.4206777570094,0.0,33,6160.394112149533,1.995115925233645,0.308411214953271
2024-04-15,41,3774.08872,92.05094439024391,14.65548,35,7100.272926829269,0.9914781463414633,0.8536585365853658
2024-04-16,47,2467.702221,52.504302574468085,17.7287,43,3870.3653191489366,0.3927167021276596,0.9148936170212766
2024-04-17,14,2441.4683999999997,174.39059999999998,48.21955,13,6968.785000000001,0.7586402142857143,0.9285714285714286
2024-04-19,35,1946.4454620000001,55.61272748571429,19.918472,27,9635.940571428573,3.372578857142857,0.7714285714285715
2024-04-20,22,0.0,0.0,0.0,0,2760.601818181818,5.5131385,0.0
2024-04-22,9,0.0,0.0,0.0,0,5332.623333333333,1.8664182222222223,0.0
2024-04-23,66,1119.536196,16.962669636363636,0.07805000000000001,35,3531.1348484848486,1.0804314545454545,0.5303030303030303
2024-04-24,20,279.185907,13.95929535,0.0,6,7063.762,2.4723157999999996,0.3
2024-04-25,74,0.0,0.0,0.0,0,1624.8785135135136,2.16431772972973,0.0
2024-04-26,3,0.0,0.0,0.0,0,1662.7633333333335,0.581966,0.0
2024-04-27,27,4281.488139,158.57363477777778,61.458,19,5713.498888888889,1.999724074074074,0.7037037037037037
2024-04-28,58,0.0,0.0,0.0,0,758.3724137931034,0.26543010344827583,0.0
2024-04-29,45,526.9338359999999,11.709640799999999,0.0,17,2415.5335555555553,0.8454362222222221,0.37777777777777777
2024-04-30,24,0.0,0.0,0.0,0,5209.114583333333,1.8231895833333331,0.0
2024-05-01,66,164.141565,2.486993409090909,0.0,13,25817.31303030303,6.4543278636363635,0.19696969696969696
2024-05-02,72,-33.45419400000003,-0.4646415833333337,0.0,14,10697.198055555556,2.299298125,0.19444444444444445
2024-05-03,180,19791.026041,109.95014467222222,34.3644515,163,4676.724,-0.024658105555555556,0.9055555555555556
2024-05-04,100,10706.484306,107.06484306,8.978760000000001,90,5037.918,1.03430138,0.9
2024-05-05,6,0.916,0.15266666666666667,0.0,1,4011.391666666667,1.4021296666666665,0.16666666666666666
2024-05-06,54,56.055506,1.038064925925926,0.0,16,469.4587037037037,0.13155666666666668,0.2962962962962963
2024-05-07,32,0.0,0.0,0.0,0,8509.0590625,2.97283490625,0.0
2024-05-08,80,-13013.665169,-162.6708146125,0.0,33,5256.1925,2.533989475,0.4125
2024-05-09,1,0.0,0.0,0.0,0,0.84,0.0,0.0
2024-05-10,37,5767.161892,155.86924032432432,39.480396,24,16367.722702702702,5.728696513513514,0.6486486486486487
2024-05-11,10,678.4759280000001,67.8475928,10.511846,5,20062.723,7.021952400000001,0.5
2024-05-12,456,71574.11848800001,156.96078615789474,0.0,193,2756.0324342105264,0.7736090421710526,0.4232456140350877
2024-05-13,28,2136.853859,76.31620925,0.0,10,6897.103571428571,2.4139856785714287,0.35714285714285715
2024-05-14,23,1150.5233050000002,50.02275239130436,0.0,4,6341.452173913043,2.219508043478261,0.17391304347826086
2024-05-15,36,948.970582,26.360293944444447,0.0,17,6525.626944444444,2.2839690833333335,0.4722222222222222
2024-05-16,27,214.5898,7.94777037037037,0.0,5,6022.998518518518,2.108048888888889,0.18518518518518517
2024-05-18,25,3522.3946610000003,140.89578644000002,6.828,16,5052.1256,1.7682436799999999,0.64
2024-05-19,8,0.0,0.0,0.0,0,3749.76125,1.3124158750000001,0.0
2024-05-20,10,-74.818442,-7.4818442,0.0,0,3812.475,1.3343662,0.0
2024-05-21,125,7289.397571999999,58.31518057599999,0.0,14,8807.588720000002,3.0826555520000003,0.112
2024-05-22,6,0.0,0.0,0.0,0,7499.215,2.6247248333333335,0.0
2024-05-23,325,413.347329,1.2718379353846154,0.0,145,1236.4633846153845,0.34901562769230765,0.4461538461538462
2024-05-24,2,821.949278,410.974639,410.974639,2,25405.949999999997,8.8920825,1.0
2024-05-25,16,14.126038999999999,0.8828774374999999,0.0,5,1874.4456249999998,0.6404304375000001,0.3125
2024-05-26,16,778.6839,48.66774375,0.0,4,3373.541875,1.1730119374999999,0.25
2024-05-27,251,1129.35587,4.499425776892431,0.0,90,602.0546613545816,0.18259946613545816,0.35856573705179284
2024-05-29,164,277.791953,1.6938533719512194,0.0,68,513.8339024390243,0.22485731097560974,0.4146341463414634
2024-05-30,7,20.951433,2.9930618571428576,1.617104,5,405.4414285714286,0.1419037142857143,0.7142857142857143
2024-05-31,13,25.35812,1.9506246153846154,0.0,4,279.70307692307694,0.09789584615384615,0.3076923076923077
2024-06-01,22,135.58166400000002,6.16280290909091,0.0,10,13569.154545454547,3.3922882727272725,0.45454545454545453
2024-06-02,1088,-215.615907,-0.19817638511029412,0.0,179,7396.280707720588,0.9086461369485294,0.1645220588235294
2024-06-03,82,6814.825139,83.10762364634145,27.00537,72,3990.4636585365856,-0.04091851219512195,0.8780487804878049
2024-06-04,16,236.33513399999998,14.770945874999999,0.0,4,4263.979375,1.4923923125,0.25
2024-06-05,9,968.59038,107.62115333333333,0.0,4,22890.714444444442,8.011749555555555,0.4444444444444444
2024-06-06,234,274.173187,1.1716802863247862,0.0,100,587.8536752136753,0.15845907692307692,0.42735042735042733
2024-06-07,24,108.87217799999999,4.53634075,0.0,7,103.75708333333334,14.34809,0.2916666666666667
2024-06-08,107,267.318048,2.4982995140186914,0.0,13,574.5642990654205,0.5852455981308411,0.12149532710280374
2024-06-09,42,-1104.856765,-26.306113452380952,-24.855381,0,929.6928571428571,0.3253922857142857,0.0
2024-06-10,22,130.487079,5.9312308636363635,0.0,5,13642.298181818182,4.774804227272727,0.22727272727272727
2024-06-11,15,2817.83723,187.85581533333334,0.0,7,8260.46,2.8911606666666665,0.4666666666666667
2024-06-12,403,-92624.643895,-229.83782604218362,0.0,94,8612.950918114144,1.7171061684119107,0.23325062034739455
2024-06-13,79,6632.757115,83.95895082278481,0.0,19,1678.1926582278481,0.4227816455696202,0.24050632911392406
2024-06-14,31,10258.592609,330.9223422258064,0.0,15,4511.892258064517,1.2565830967741936,0.4838709677419355
2024-06-15,78,3369.958346,43.20459417948718,0.0,38,9209.61858974359,3.223366012820513,0.48717948717948717
2024-06-16,11,0.0,0.0,0.0,0,2294.0981818181817,0.8029342727272727,0.0
2024-06-17,38,10599.502375,278.9342730263158,144.121501,25,9694.213684210526,3.3929743421052634,0.6578947368421053
2024-06-18,25,282.57636,11.3030544,0.0,4,10532.5916,2.68641032,0.16
2024-06-19,61,4887.656944,80.12552367213115,0.399945,31,6837.231475409836,2.276258081967213,0.5081967213114754
2024-06-20,39,57478.456026,1473.8065647692308,0.0,8,5333.097435897435,0.3453602564102564,0.20512820512820512
2024-06-21,80,773.5582039999999,9.66947755,0.0,3,2203.306125,0.7659637375,0.0375
2024-06-22,24,756.876565,31.536523541666668,0.0,8,7066.427916666667,1.6888909166666668,0.3333333333333333
2024-06-23,5,0.0,0.0,0.0,0,358.424,0.035842399999999996,0.0
2024-06-24,31,0.0,0.0,0.0,0,13000.090322580645,3.340354870967742,0.0
2024-06-25,49,4869.353105,99.3745531632653,0.0,11,2104.062857142857,0.7364214489795918,0.22448979591836735
2024-06-26,72,4197.732182,58.30183586111111,0.0,21,5072.092500000001,1.7715874999999999,0.2916666666666667
2024-06-27,30,0.0,0.0,0.0,0,4349.565,1.5185337333333335,0.0
2024-06-29,75,6150.326145,82.0043486,0.0,24,3734.6014666666665,6.137269746666667,0.32
2024-06-30,14,0.0,0.0,0.0,0,2180.049285714286,1.2184049285714287,0.0
2024-07-01,97,-835.681235,-8.615270463917525,0.0,9,10812.887216494846,2.7032212783505156,0.09278350515463918
2024-07-02,15,241.24212,16.082808,0.0,2,450.582,0.022646200000000002,0.13333333333333333
2024-07-04,23,0.0,0.0,0.0,0,2173.397391304348,0.7606889130434782,0.0
2024-07-05,18,883.537693,49.08542738888889,9.50184,9,6039.865555555556,2.1132811666666664,0.5
2024-07-06,440,8902.467416,20.23288049090909,0.0,176,2496.7926363636366,0.8476424181818182,0.4
2024-07-07,10,61.428942,6.1428942,4.9143155,10,49.875,0.004987500000000001,1.0
2024-07-08,33,188.789255,5.720886515151515,0.0,10,75.53848484848484,0.11370314545454546,0.30303030303030304
2024-07-10,21,0.0,0.0,0.0,0,10475.459523809524,3.6664102857142855,0.0
2024-07-11,113,4493.353136,39.764187044247784,3.894186,60,985.2681415929204,0.23166763168141594,0.5309734513274337
2024-07-12,304,85906.279067,282.5864442993421,0.0,131,1485.965197368421,0.3567501246710526,0.4309210526315789
2024-07-13,17,2913.617837,171.38928452941175,105.890838,17,8187.599411764706,2.865659411764706,1.0
2024-07-14,7,0.0,0.0,0.0,0,12000.16142857143,4.200055571428572,0.0
2024-07-15,26,-1.0,-0.038461538461538464,0.0,0,7628.6480769230775,2.653683423076923,0.0
2024-07-16,22,0.0,0.0,0.0,0,6545.480454545454,2.290917318181818,0.0
2024-07-17,351,1859.269477,5.297064037037037,0.0,145,1783.4915384615385,0.5886094387464388,0.4131054131054131
2024-07-18,60,3803.884311,63.398071849999994,19.3456475,48,10828.414166666666,3.7899444,0.8
2024-07-19,23,2155.891114,93.73439626086956,12.29371,12,6533.453043478262,2.2867081739130435,0.5217391304347826
2024-07-20,266,2299.169566,8.643494609022557,0.0,33,918.65492481203,0.30360307518797,0.12406015037593984
2024-07-21,448,-2960.716887,-6.608743051339286,0.0,21,523.0077232142856,0.14447174107142854,0.046875
2024-07-22,154,1517.119876,9.851427766233765,-1.8459855,22,1975.4142857142856,0.6328541298701299,0.14285714285714285
2024-07-23,370,89890.302206,242.9467627189189,38.355177,329,968.9906486486486,0.16011655675675676,0.8891891891891892
2024-07-24,90,625.561479,6.9506831,0.0,18,768.977,0.6118586555555555,0.2
2024-07-25,78,916.7382600000001,11.753054615384617,0.0,10,6776.350128205129,2.8741784102564103,0.1282051282051282
2024-07-26,152,2766.513113,18.200744164473683,0.0,61,3609.1292763157894,1.3589935197368421,0.40131578947368424
2024-07-27,57,6400.623656,112.2916430877193,41.72143,42,15880.697368421053,5.558243754385964,0.7368421052631579
2024-07-28,16,587.29903,36.706189375,36.338475,12,2703.4175,0.946195125,0.75
2024-07-29,39,330.80445399999996,8.482165487179486,0.0,16,8389.72153846154,2.9364021538461538,0.41025641025641024
2024-07-30,6,0.0,0.0,0.0,0,6001.078333333334,2.1003773333333333,0.0
2024-07-31,43,765.690884,17.806764744186047,0.0,14,1965.2683720930231,0.6878434186046513,0.32558139534883723
2024-08-01,128,-269.874439,-2.1083940546875,0.0,32,11894.159609375,2.9735395625,0.25
2024-08-02,10,770.756024,77.07560240000001,0.0,4,2605.112,0.3002887,0.4
2024-08-03,67,4271.886236,63.7594960597015,12.4432,59,2740.047462686567,-0.0548004328358209,0.8805970149253731
2024-08-04,30,1218.4267,40.614223333333335,0.0,1,7064.688,2.0596849333333336,0.03333333333333333
2024-08-05,13,1.56576,0.12044307692307693,0.0,1,5074.89,1.7751404615384616,0.07692307692307693
2024-08-06,29,129.13883900000002,4.453063413793104,0.0,8,3356.961379310345,1.1749357586206897,0.27586206896551724
2024-08-07,1,0.0,0.0,0.0,0,497.64,0.0156,0.0
2024-08-08,9,-40.712216999999995,-4.5235796666666666,0.0,0,1811.038888888889,0.7386661111111111,0.0
2024-08-09,1,0.0,0.0,0.0,0,0.11,0.0,0.0
2024-08-10,36,5396.546638,149.90407327777777,29.615628,33,12071.781388888889,4.225117222222222,0.9166666666666666
2024-08-11,39,-64.41354100000007,-1.6516292564102582,0.0,6,6941.036923076923,2.4071347948717947,0.15384615384615385
2024-08-12,420,15965.933436,38.014127228571425,0.0,152,2221.2850476190474,0.5575687701428572,0.3619047619047619
2024-08-13,23,212.08102,9.220913913043479,0.0,8,904.2552173913043,0.7796903043478259,0.34782608695652173
2024-08-14,25,2168.9015130000003,86.75606052,0.0,5,2668.4012,1.8597242399999998,0.2
2024-08-15,12,0.0,0.0,0.0,0,126.86416666666668,1.3752175,0.0
2024-08-16,35,825.230544,23.578015542857145,0.0,3,4753.795428571429,2.3196554857142857,0.08571428571428572
2024-08-17,30,-288.283113,-9.609437100000001,0.0,0,1008.2986666666667,0.5698846333333333,0.0
2024-08-18,15,307.201888,20.480125866666665,8.270808,12,4186.965333333334,1.4654371333333336,0.8
2024-08-19,8,339.69958299999996,42.462447874999995,14.0197665,5,12539.37875,4.38878225,0.625
2024-08-20,12,192.602844,16.050237,0.0,1,4159.566666666667,1.4558478333333333,0.08333333333333333
2024-08-21,145,656.200925,4.525523620689655,0.0,54,724.0717931034483,0.2534247103448276,0.3724137931034483
2024-08-23,10,1005.30527,100.53052699999999,0.0,3,6350.956,2.2228342,0.3
2024-08-24,7,0.0,0.0,0.0,0,4999.952857142857,1.7499831428571428,0.0
2024-08-25,17,0.0,0.0,0.0,0,1291.1929411764704,1.5472707647058823,0.0
2024-08-26,6,231.236918,38.539486333333336,0.0,2,15435.211666666668,5.383821999999999,0.3333333333333333
2024-08-27,50,0.0,0.0,0.0,0,1405.0032,1.04107104,0.0
2024-08-28,9,1333.359645,148.15107166666667,0.0,2,7906.674444444444,2.767336222222222,0.2222222222222222
2024-08-29,1,0.0,0.0,0.0,0,9995.85,3.498547,0.0
2024-08-30,6,256.464,42.744,0.0,1,6205.54,2.1718626666666663,0.16666666666666666
2024-08-31,34,10.882801,0.3200823823529412,0.0,12,3161.983235294118,1.1751563235294118,0.35294117647058826
2024-09-01,70,-826.349863,-11.804998042857143,0.0,18,12429.313857142857,2.9144704,0.2571428571428571
2024-09-03,117,9949.501624,85.03847541880343,25.01825,97,5625.459401709401,0.015827042735042738,0.8290598290598291
2024-09-04,3,0.0,0.0,0.0,0,19021.280000000002,6.657447,0.0
2024-09-05,28,1147.595856,40.985566285714285,0.0,11,7927.361428571428,2.7745761428571427,0.39285714285714285
2024-09-06,17,0.0,0.0,0.0,0,1318.2482352941176,0.4421044117647059,0.0
2024-09-07,15,648.984412,43.265627466666665,37.164306,15,182.42999999999998,0.026504533333333337,1.0
2024-09-08,144,18082.071276,125.56993941666666,0.0,43,3494.4781944444444,1.2864887547222221,0.2986111111111111
2024-09-09,2,0.0,0.0,0.0,0,2007.2150000000001,17.45395,0.0
2024-09-10,14,396.06272,28.290194285714286,0.0,3,15742.852142857142,5.509997642857143,0.21428571428571427
2024-09-11,86,102.90894,1.196615581395349,0.0,19,2248.655930232558,0.7695872441860464,0.22093023255813954
2024-09-12,539,6310.967676,11.708659881261596,0.0,172,1825.5096103896105,0.32425498410018555,0.31910946196660483
2024-09-14,11,0.0,0.0,0.0,0,92.25454545454546,2.7619390909090913,0.0
2024-09-18,145,-878.684794,-6.059895131034483,-5.504981,0,94.02413793103449,0.2188478827586207,0.0
2024-09-19,19,0.0,0.0,0.0,0,80.09842105263158,1.5056663157894736,0.0
2024-09-20,16,9585.03428,599.0646425,34.911835,8,20804.58625,6.8323144375,0.5
2024-09-21,23,36165.56933,1572.416057826087,1147.561968,23,7202.092173913044,2.5207322173913043,1.0
2024-09-22,3,0.0,0.0,0.0,0,6666.579999999999,2.3333023333333336,0.0
2024-09-23,2,334.760796,167.380398,167.380398,1,20167.145,7.058501000000001,0.5
2024-09-24,10,0.0,0.0,0.0,0,711.863,1.2966142,0.0
2024-09-25,9,0.0,0.0,0.0,0,5861.570000000001,1.9738529999999999,0.0
2024-09-26,8,439.812513,54.976564125,0.0,2,14213.991250000001,3.9185255,0.25
2024-09-27,56,0.0,0.0,0.0,0,2251.732857142857,0.669701982142857,0.0
2024-09-28,4,0.0,0.0,0.0,0,7299.8025,0.7007800000000001,0.0
2024-09-30,106,2710.626288,25.571946113207545,0.0,5,2025.1872641509435,0.6192224150943396,0.04716981132075472
2024-10-01,193,-1517.091342,-7.860576901554404,0.0,41,10660.515440414507,2.2489371243523317,0.21243523316062177
2024-10-03,42,2482.9272,59.117314285714286,2.505,29,5237.472619047619,0.05431123809523809,0.6904761904761905
2024-10-04,41,5207.443414,127.01081497560976,32.322,36,8578.926097560974,3.002623463414634,0.8780487804878049
2024-10-05,22,2101.741695,95.53371340909092,0.0,6,7131.0,2.4958495454545453,0.2727272727272727
2024-10-06,53,31.266804999999998,0.589939716981132,0.0,18,879.0175471698113,0.27728920754716985,0.33962264150943394
2024-10-07,56,11977.734907,213.88812333928573,59.449220999999994,38,12283.93232142857,4.2993757142857145,0.6785714285714286
2024-10-08,88,0.0,0.0,0.0,0,128.8555681818182,0.5691271352272728,0.0
2024-10-09,3,-219.729659,-73.24321966666666,-37.697891,0,849.0933333333334,2.4301333333333335,0.0
2024-10-10,16,0.0,0.0,0.0,0,18751.521249999998,6.563031875,0.0
2024-10-11,173,991.114334,5.728984589595376,0.0,51,2390.963583815029,0.8226216531791908,0.2947976878612717
2024-10-12,1596,39325.770231,24.640206911654136,0.787791,937,1973.94992481203,0.2841733617481203,0.5870927318295739
2024-10-13,10,0.0,0.0,0.0,0,6000.242,2.1000841,0.0
2024-10-14,5,1913.61958,382.72391600000003,43.747165,5,12383.204000000002,4.3341208,1.0
2024-10-15,7,1170.2260760000001,167.17515371428573,11.821311,4,11596.194285714286,4.058667571428571,0.5714285714285714
2024-10-16,11,219.480876,19.95280690909091,0.0,3,7293.560909090909,2.5527458181818186,0.2727272727272727
2024-10-17,9,36.11496,4.0127733333333335,0.0,1,15614.638888888889,5.465123,0.1111111111111111
2024-10-18,6,333.219141,55.536523499999994,51.8558325,5,20055.238333333335,7.019333,0.8333333333333334
2024-10-19,4,0.0,0.0,0.0,0,24999.215,8.749725250000001,0.0
2024-10-20,96,389.155797,4.05370621875,0.0,11,1837.9985416666668,0.6172651979166667,0.11458333333333333
2024-10-21,173,2464.915564,14.248066843930635,0.0,68,1873.5143930635838,0.6350175895953757,0.3930635838150289
2024-10-22,3,0.0,0.0,0.0,0,20000.12,7.000041333333333,0.0
2024-10-23,18,-46.489941,-2.5827745,0.0,0,11667.003888888888,4.083450611111111,0.0
2024-10-25,30,13235.862071,441.19540236666666,61.1408675,21,14262.772666666666,4.794730466666667,0.7
2024-10-26,6,42471.99413,7078.6656883333335,8057.245408000001,6,14778.143333333333,1.4187006666666668,1.0
2024-10-27,4,666.6623079999999,166.66557699999998,30.289636,3,22666.1025,7.933135,0.75
2024-10-28,13,167.28016200000002,12.867704769230771,0.0,4,9345.788461538461,3.2517953846153844,0.3076923076923077
2024-10-29,53,801.170876,15.11643162264151,0.0,3,11571.09075471698,4.049881396226415,0.05660377358490566
2024-10-30,25,9.150023,0.36600091999999995,0.0,7,473.23400000000004,0.14387952,0.28
2024-10-31,48,1214.043811,25.292579395833332,19.0994085,34,18670.278333333332,6.514811000000001,0.7083333333333334
2024-11-01,21,-164.08950099999998,-7.813785761904761,0.0,5,14538.766666666666,3.6127224285714283,0.23809523809523808
2024-11-02,34,983.443176,28.924799294117648,0.0,7,6244.465294117647,0.7339791764705882,0.20588235294117646
2024-11-03,42,3588.179495,85.43284511904761,18.72521,39,4202.844047619047,0.2017354761904762,0.9285714285714286
2024-11-04,16,389.743164,24.35894775,0.0,2,4775.06,1.6712705625,0.125
2024-11-05,9,251.604742,27.956082444444444,6.001646,9,7027.661111111111,2.459680555555556,1.0
2024-11-06,123,4320.631811,35.12708789430894,0.0,17,3034.7960975609753,1.0563269349593496,0.13821138211382114
2024-11-07,19,1876.812082,98.77958326315789,0.0,9,8941.422105263156,3.1294969999999998,0.47368421052631576
2024-11-08,24,847.7766200000001,35.32402583333334,0.0,4,1842.9254166666667,1.7054702916666666,0.16666666666666666
2024-11-09,1,0.0,0.0,0.0,0,0.54,0.0,0.0
2024-11-10,26,8885.327477,341.74336450000004,232.8029795,18,18804.007307692307,6.581392076923077,0.6923076923076923
2024-11-11,373,6749.630996,18.09552545844504,0.0,92,4210.649919571046,1.0641033512064344,0.24664879356568364
2024-11-12,1221,319051.554217,261.30348420720725,2.259711,870,1796.9683292383293,0.3386643980835381,0.7125307125307125
2024-11-13,48,7846.402274,163.46671404166668,11.65871,27,10736.174375,3.7330014166666667,0.5625
2024-11-14,110,4563.509225,41.4864475,0.0,28,9166.925545454545,3.0457163818181816,0.2545454545454545
2024-11-15,149,4140.740438,27.790204281879195,0.0,55,9582.942416107382,3.1303859932885905,0.3691275167785235
2024-11-16,157,2769.521909,17.640266936305732,0.0,48,1931.822101910828,0.6380337770700637,0.3057324840764331
2024-11-17,209,882.975285,4.224762129186603,0.0,49,5818.122344497608,1.297185114832536,0.23444976076555024
2024-11-18,346,4470.815187,12.921431176300578,0.0,124,6024.102832369942,1.286428725433526,0.3583815028901734
2024-11-19,305,2958.268991,9.699242593442623,0.0,150,2059.118524590164,0.6606128950819672,0.4918032786885246
2024-11-20,550,4210.0928969999995,7.654714358181818,0.0,219,3635.480218181818,1.1710133981818183,0.3981818181818182
2024-11-21,535,1692.430891,3.1634222261682243,0.0,165,1118.3189158878504,0.37126778878504674,0.308411214953271
2024-11-22,679,-18105.345617,-26.664721085419732,0.0,209,2425.2041531664213,0.6427673917525772,0.3078055964653903
2024-11-23,363,2901.531638,7.993200104683195,0.0,128,1422.1644077134986,0.4259555564738292,0.3526170798898072
2024-11-24,172,945.550386,5.497385965116279,0.0,46,3866.001627906977,1.1778088720930233,0.26744186046511625
2024-11-25,255,5523.740734,21.66172836862745,0.0,105,3676.1210588235294,1.1128615725490196,0.4117647058823529
2024-11-26,302,1094.809359,3.6251965529801327,0.0,88,3797.6901986754965,1.0307896622516557,0.2913907284768212
2024-11-27,213,-2654.495633,-12.462420812206572,0.0,74,6780.481361502348,2.0643874929577466,0.3474178403755869
2024-11-28,332,-127075.39958499999,-382.75722766566264,0.0,109,5705.497439759036,0.9505482198795182,0.32831325301204817
2024-11-29,393,176844.994152,449.98726247328244,0.0,192,2021.0252162849874,0.48969907269720103,0.48854961832061067
2024-11-30,373,37316.69352,100.04475474530831,0.0,157,4643.950938337802,1.4808990335120644,0.42091152815013405
2024-12-01,7,-1925.519024,-275.0741462857143,0.0,0,28583.181428571428,7.068675285714285,0.0
2024-12-02,16,913.8817869999998,57.11761168749999,-26.696452,6,14202.981249999999,1.6944944375,0.375
2024-12-03,8,3039.166,379.89575,16.76285,7,12880.10625,0.618244125,0.875
2024-12-04,129,-592.6458390000001,-4.594153790697676,4.032548,71,3427.0433333333335,0.7562858527131783,0.5503875968992248
2024-12-05,23,0.0,0.0,0.0,0,2399.111304347826,0.8396882173913044,0.0
2024-12-06,254,-21886.531493,-86.16744682283463,0.0,21,761.4486614173228,0.2516591220472441,0.08267716535433071
2024-12-07,19,1412.314654,74.33235021052631,0.0,9,4714.893157894737,1.6502120526315789,0.47368421052631576
2024-12-08,48,858.6705000000001,17.88896875,0.0,6,1128.4858333333334,0.7514978124999999,0.125
2024-12-10,10,541.55471,54.155471,20.7155355,7,15971.34,5.5899684999999995,0.7
2024-12-11,171,3494.399394,20.435084175438597,0.0,34,7171.663859649123,2.5023675614035086,0.19883040935672514
2024-12-12,1932,599151.795008,310.1199767122153,10.681751,1352,2358.7939285714288,0.361783359994824,0.6997929606625258
2024-12-13,1173,31935.901745,27.22583268968457,0.0,471,2455.9459846547315,0.3863831000511509,0.40153452685422
2024-12-14,1235,167801.399244,135.87157833522267,0.0,585,1918.6735060728743,0.1879282955708502,0.47368421052631576
2024-12-15,1697,97525.315279,57.4692488385386,0.0,417,1522.256812021214,0.13631736616381848,0.24572775486152032
2024-12-16,1055,166774.344133,158.07994704549765,0.086172,535,2597.9231943127966,0.38118488720379146,0.5071090047393365
2024-12-17,1941,219591.305172,113.13307839876352,0.0,847,2696.3408706852138,0.38441029674394644,0.4363730036063885
2024-12-18,1429,13682.994673,9.575223703988803,0.0,523,2658.423421973408,0.48386841862141355,0.36599020293911827
2024-12-19,3339,62744.004486000005,18.79125621024259,0.166937,2053,2468.316678646301,0.3163321890026954,0.6148547469302186
2024-12-20,2488,254969.660039,102.47976689670418,1.454962,1383,3087.3290635048234,0.486671344766881,0.5558681672025724
2024-12-21,1681,150022.163157,89.24578415050566,1.390236,924,2607.302272456871,0.40475407324806667,0.5496728138013087
2024-12-22,774,352197.163973,455.03509557235145,0.0,337,3988.7858139534887,0.4303060006847545,0.4354005167958656
2024-12-23,2347,-29430.626577,-12.53967898466127,0.0,681,2885.333728163613,0.5116731770643375,0.2901576480613549
2024-12-24,338,14813.780116,43.827751822485205,0.0,114,5227.917485207101,1.1443267462426037,0.33727810650887574
2024-12-25,208,756.6570469999998,3.637774264423076,0.0,63,1672.5449519230767,0.3198018375961538,0.30288461538461536
2024-12-26,697,60228.639722,86.41124780774749,0.159494,358,3163.9062410329984,0.7508737424390244,0.5136298421807748
2024-12-27,260,2672.811035,10.280042442307693,0.0,110,1338.126923076923,0.3405986407692308,0.4230769230769231
2024-12-28,161,940.673623,5.842693310559007,0.0,37,1748.7888819875777,0.30067386726708073,0.22981366459627328
2024-12-29,201,2884.067927,14.348596651741294,0.0,64,1714.5698507462685,0.35879282139303487,0.31840796019900497
2024-12-30,304,9009.738137,29.637296503289473,0.0,120,3532.453059210526,0.9371918436842105,0.39473684210526316
2024-12-31,306,5445.01281,17.794159509803922,0.0,92,2866.551045751634,0.8709686638235294,0.3006535947712418
2025-01-01,96,-9528.065345,-99.25068067708334,0.0,29,2943.5635416666664,0.3292123146875,0.3020833333333333
2025-01-02,634,32300.205017,50.946695610410096,1.763296,378,2151.019621451104,0.45027978216088327,0.5962145110410094
2025-01-03,174,10596.108968,60.897177977011495,0.0,78,1516.230632183908,0.21300888155172415,0.4482758620689655
2025-01-04,192,-2202.6622420000003,-11.472199177083334,0.0,88,3668.9853645833336,0.8486249730208333,0.4583333333333333
2025-01-05,1230,54536.829297000004,44.338885607317074,0.0,530,8715.642699186992,2.1565964861510567,0.43089430894308944
2025-01-13,408,9655.429352,23.66526801960784,0.0,158,7197.666691176471,2.1154414823039214,0.3872549019607843
2025-01-14,275,16069.512355,58.43459038181818,0.0,137,3187.5708,0.8748765435636364,0.49818181818181817
2025-01-15,267,14819.5883,55.50407602996255,0.0,123,6747.565131086143,1.923629194082397,0.4606741573033708
2025-01-16,371,20807.709328,56.08546988679245,0.0,127,8220.196657681941,2.400455978328841,0.3423180592991914
2025-01-17,238,7006.415608,29.43872104201681,0.515012,126,4664.8338655462185,1.4765321381932774,0.5294117647058824
2025-01-18,651,443.2330819999997,0.6808495883256523,0.0,248,4165.330076804916,1.2533551481720429,0.38095238095238093
2025-01-19,1567,87923.799302,56.10963580216975,0.0,317,6199.8821314613915,1.3799334012188897,0.20229738353541799
2025-01-20,1315,87277.239173,66.37052408593155,0.3825,687,6302.149817490495,1.6788287601977185,0.5224334600760456
2025-01-21,530,11077.839421,20.901583813207548,0.0,205,2874.961924528302,0.7515174816981132,0.3867924528301887
2025-01-22,832,20524.408057,24.66875968389423,0.0,234,2137.5077283653845,0.5663102641346154,0.28125
2025-01-23,1218,101256.24216,83.13320374384236,7.492465,805,3035.3273070607556,0.8935549012151067,0.6609195402298851
2025-01-24,874,10602.779738,12.131326931350113,0.5630105000000001,488,1843.7453661327231,0.3874640744851259,0.5583524027459954
2025-01-25,506,-10348.016255999999,-20.450625011857706,0.0,141,2449.363043478261,0.6303038775889328,0.27865612648221344
2025-01-26,451,40823.466668,90.51766445232816,0.0,196,2663.3562305986693,0.8475790559423504,0.43458980044345896
2025-01-27,773,41331.765392,53.469295461837,0.0,368,1950.8775032341528,0.5255616654980595,0.4760672703751617
2025-01-28,498,17979.613973,36.103642516064255,2.573011,313,1163.4782530120483,0.2504222582931727,0.6285140562248996
2025-01-29,910,23421.01147,25.737375241758244,0.0,379,2085.1795714285713,0.6731001594395605,0.4164835164835165
2025-01-30,1067,23097.471385,21.64711470009372,0.0,370,2825.114498594189,0.8197292556044986,0.3467666354264292
2025-01-31,1016,35868.296773,35.303441705708664,0.8434925,550,2739.578228346457,0.6603720979429134,0.5413385826771654
2025-02-01,361,8716.519087,24.145482235457067,0.0,165,2145.9136842105263,0.4879215878947369,0.45706371191135736
2025-02-02,1319,162854.759623,123.46835452843062,0.0,473,4291.957763457164,0.897742296595906,0.35860500379075055
2025-02-03,532,66914.320708,125.77879832330827,0.0120845,267,12144.452518796992,3.6310092894924813,0.5018796992481203
2025-02-04,1076,202212.740938,187.930056633829,28.665758500000003,963,3594.7310408921935,1.0977909274163569,0.8949814126394052
2025-02-13,1370,27829.534238,20.313528640875912,0.0,641,2335.6585474452554,0.6010857547591241,0.4678832116788321
2025-02-14,1655,213860.675308,129.22095184773414,0.0,710,2421.210525679758,0.5810137255287009,0.42900302114803623
2025-02-15,932,45042.92701,48.32932082618026,0.0,401,1837.8250536480687,0.4013812425107296,0.4302575107296137
2025-02-16,681,2369.478425,3.4794103157121876,0.0,300,1183.8144493392072,0.25194127060205584,0.44052863436123346
2025-02-17,941,1818.573295,1.9325964877789585,0.0,211,2158.3896280552603,0.26938018665249736,0.22422954303931988
2025-02-18,1676,91204.672403,54.418062292959426,0.061069,858,2011.413293556086,0.3636869945763723,0.5119331742243437
2025-02-19,1361,14985.794701,11.010870463629685,0.0,582,2398.185334313005,0.505868809331374,0.4276267450404115
2025-02-20,2012,46008.794102,22.867193887673956,0.0,964,2300.5016351888667,0.6125566723409542,0.47912524850894633
2025-02-21,1873,119693.49395,63.904695114789114,0.109988,978,2120.747399893219,0.4429889555632675,0.5221569674319274
2025-02-22,686,25278.704178,36.849423,0.0,341,4629.111078717201,1.2830388250291545,0.4970845481049563
2025-02-23,520,10656.934251,20.494104328846156,0.0,234,2194.8283461538463,0.44231292148076923,0.45
2025-02-24,5616,38470.176242,6.850102607193732,0.0,2228,1998.5077617521367,0.3735691654629629,0.39672364672364674
2025-02-25,6246,204762.177034,32.782929400256165,0.0,1628,3108.3868651937237,0.5101849286439322,0.260646813960935
2025-02-26,1176,63229.063129,53.76621014370748,1.4922360000000001,789,4206.597049319727,0.6413031859438775,0.6709183673469388
2025-02-27,890,-36525.167517,-41.039514064044944,0.0,247,2247.0768876404495,0.5754449138314607,0.27752808988764044
2025-02-28,1019,225628.108748,221.4211077016683,0.0,396,4046.7721000981355,0.8620198861236507,0.3886162904808636
2025-03-01,508,6028.486793,11.867099986220472,0.0,138,1518.1279330708662,0.41535007246062994,0.27165354330708663
2025-03-02,2380,348871.326269,146.58459086932774,0.0,1103,9492.815701680673,1.2569603462436976,0.4634453781512605
2025-03-03,1482,616413.032233,415.9332201302294,9.005766,912,5563.151403508772,0.7021349813900135,0.6153846153846154
2025-03-04,1748,-2365.961276,-1.353524757437071,0.0,520,4960.087614416476,0.7649421354118993,0.2974828375286041
2025-03-13,962,14114.870873,14.672422944906446,0.0,440,3415.375488565489,0.8411504232536382,0.4573804573804574
2025-03-14,2210,68646.160089,31.061610899999998,1.88254,1887,3641.261158371041,0.5400394004162896,0.8538461538461538
2025-03-15,261,78694.624572,301.51197154022987,0.650626,155,9025.86030651341,2.2005091494252875,0.5938697318007663
2025-03-16,530,-7910.943544999999,-14.926308575471696,0.0,123,19222.49341509434,4.608458494679245,0.2320754716981132
2025-03-17,920,26163.906513,28.439028818478263,0.0,417,3905.320706521739,0.8779782695434782,0.4532608695652174
2025-03-18,834,72322.788824,86.71797221103118,0.0,188,4856.901043165468,1.0287003968824942,0.22541966426858512
2025-03-19,1612,29374.682341,18.222507655707197,0.0,671,2852.8620161290323,0.48665637159950376,0.4162531017369727
2025-03-20,771,10246.859436,13.290349463035021,0.0,315,2143.0063942931256,0.4270239247730221,0.4085603112840467
2025-03-21,698,6951.270374,9.958840077363897,0.009684,349,3644.560730659026,0.9075367948853869,0.5
2025-03-22,535,12498.535254,23.361748138317758,0.0,254,1816.4662056074767,0.5024949569532711,0.4747663551401869
2025-03-23,447,14047.421585,31.425999071588368,0.0,146,5802.057427293064,1.3360537226621925,0.32662192393736017
2025-03-24,1027,107878.961301,105.04280555111977,1.5312,632,2938.254186952288,0.5171425037682571,0.6153846153846154
2025-03-25,791,32030.90678,40.49419314791403,0.0,286,6792.060391908975,1.771623243704172,0.3615676359039191
2025-03-26,3102,15802.167427,5.094186791424887,0.0,841,2449.30830754352,0.5792403340070922,0.27111540941328177
2025-03-27,785,58825.359221,74.9367633388535,0.0,262,4127.744535031847,0.9095848653503186,0.33375796178343947
2025-03-28,728,21337.179335,29.30931227335165,0.0,231,2037.2151236263737,0.5347299382554945,0.3173076923076923
2025-03-29,1894,12098.872931,6.38800049155227,0.0,674,1936.7221911298839,0.4434237141605069,0.3558606124604013
2025-03-30,568,15795.11514,27.8083013028169,0.0,94,5019.146056338028,1.3363939318133804,0.16549295774647887
2025-03-31,495,6978.184557,14.097342539393939,0.580795,259,4373.277717171717,0.973740668909091,0.5232323232323233
2025-04-01,371,2553.537968,6.882851665768194,0.0,75,4921.912722371967,0.6299514043126685,0.20215633423180593
2025-04-02,2512,416876.88812,165.9541752070064,0.0,695,6241.404964171974,1.5341475174920383,0.276671974522293
2025-04-03,2402,182075.566585,75.80165136761032,0.0,609,4631.24360949209,0.9243698939550374,0.25353871773522063
2025-04-04,1272,-25515.678949999998,-20.05949602987421,0.0,493,3015.3661399371067,0.6572825545290881,0.38757861635220126
2025-04-13,1321,48696.021521,36.86299888039364,0.0,478,10727.596358819075,1.9442363514495837,0.3618470855412566
2025-04-14,890,45680.443063,51.32634052022472,0.0,376,14696.598853932584,2.273210919738202,0.42247191011235957
2025-04-15,1131,72357.706282,63.976751796640144,0.621726,647,18348.51303271441,1.6506673380990273,0.5720601237842617
2025-04-16,1608,58631.730257,36.46251881654229,0.0,547,22700.69396766169,3.7298618813992537,0.3401741293532338
2025-04-17,1031,5427.919886,5.264713759456837,0.0,313,2526.238128031038,0.5035972230067896,0.30358874878758485
2025-04-18,1894,4880.4047439999995,2.576771248152059,0.055965,971,12994.007634635693,2.4642702913252377,0.5126715945089757
2025-04-19,2786,71950.577495,25.82576363783202,0.0,814,11739.577426417804,2.32614010505743,0.2921751615218952
2025-04-20,1982,25060.341936,12.643966668012109,0.0,790,6118.110015136226,0.9522349183177599,0.3985872855701312
2025-04-21,1718,34369.267906999994,20.005394590803256,0.0,677,24507.598859138536,3.699703762444703,0.3940628637951106
2025-04-22,2998,58652.763578,19.563963835223483,0.0,888,11258.714222815212,1.917840477318212,0.2961974649766511
2025-04-23,6159,-419020.225731,-68.03380836678032,0.0,2000,4981.72492125345,1.1920897616301347,0.324728040266277
2025-04-24,2232,50704.395965,22.717023281810036,0.0,923,15720.841684587815,3.30040336914664,0.4135304659498208
2025-04-25,1653,20218.859206,12.231614764670297,0.0,638,16787.32957047792,3.8107037233745915,0.38596491228070173
2025-04-26,1131,-4125.753942,-3.6478814694960215,0.0,195,10564.215534924844,2.3450988094783374,0.1724137931034483
2025-04-27,337,2702.067468,8.018004356083086,0.0,120,1446.6993768545994,0.16595481500356082,0.3560830860534125
2025-04-28,1379,36906.813759,26.763461754169686,0.0,575,18944.83066715011,4.356237420979043,0.4169688179840464
2025-04-29,2243,125749.613427,56.06313572313866,0.0,969,15198.177289344627,2.295717916697771,0.43201069995541685
2025-04-30,1113,14003.797269,12.582028094339623,0.0,295,11405.10229110512,2.6506592748207547,0.26504941599281223
2025-05-01,239,3187.719363,13.337737920502093,0.0,100,1890.977280334728,0.5830192927615063,0.41841004184100417
2025-05-02,1297,56706.235562,43.721075992289904,0.0,417,6741.1191287586735,1.029876342845027,0.3215111796453354
2025-05-03,1660,269328.365917,162.24600356445782,34.0166975,1259,5538.345915662651,1.398386452319277,0.7584337349397591
2025-05-04,360,35907.33771,99.74260475,1.814678,209,3521.011722222222,0.7835009555555555,0.5805555555555556
2025-06-01,573,6064.185393,10.583220581151831,0.0,89,971.2512914485166,0.30528985732984293,0.15532286212914484
2025-06-02,1703,33803.799733,19.84955944392249,0.0,785,1655.0257604227834,0.41640068033470345,0.46095126247798
2025-06-03,760,16101.125561,21.18569152763158,0.0,365,8901.743368421052,1.7192331095526316,0.48026315789473684
2025-06-04,1048,47053.449272,44.89832945801527,0.0,332,3388.59929389313,0.5901106036579199,0.31679389312977096
2025-07-01,637,16098.227531,25.271942748822607,6.222816,485,2061.504081632653,0.4762738659811617,0.7613814756671899
2025-07-02,1524,22450.002091,14.730972500656167,0.0,430,2270.5141338582675,0.4843105238451444,0.2821522309711286
2025-07-03,2552,150236.061627,58.86993010462382,0.231811,1333,7779.888510971787,1.9265286233816614,0.5223354231974922
2025-07-04,2814,34527.370305,12.269854408315563,0.0,673,5138.682707889126,0.9831396948837599,0.23916133617626156
2025-08-01,1039,130117.090554,125.23300342059672,0.0,386,3058.0126852743024,0.6707535229836381,0.37151106833493747
2025-08-02,575,586.703253,1.0203534834782608,0.0,110,1460.4086434782607,0.1912631064,0.19130434782608696
2025-08-03,529,24700.773359,46.69333338185255,4.088704,301,1686.3582419659735,0.393837,0.5689981096408318
2025-08-04,943,34899.394798,37.00890222481442,0.0,386,9405.505196182397,2.412489598154825,0.4093319194061506
2025-09-01,522,46975.928902,89.99220096168582,0.0,145,1955.427681992337,0.5278041751532567,0.2777777777777778
2025-09-02,764,150551.829492,197.05736844502616,0.0,329,3823.19332460733,0.5593741164397905,0.4306282722513089
2025-09-03,1422,19773.457395,13.905384947257385,0.0,627,7327.495070323488,1.6716342663853727,0.4409282700421941
2025-09-04,3967,43120.444797,10.86978694151752,0.0,1708,7198.589984875221,1.5405279450955383,0.43055205444920597
2025-10-01,819,-10116.875552,-12.352717401709402,0.63832,432,7994.444053724053,2.55699532973138,0.5274725274725275
2025-10-02,889,63908.49465,71.88807047244094,0.0,425,4077.5685489313837,0.5527135456692913,0.4780652418447694
2025-10-03,2911,-10010.027269999999,-3.438690233596702,0.0,1157,5775.263029886637,1.1983416252937136,0.39745791824115423
2025-10-04,2127,158261.822261,74.40612236060178,0.05977,1125,13512.90704748472,3.229222614377997,0.5289139633286318
2025-11-01,283,2269.080536,8.017952424028268,0.0,69,5859.006042402827,1.747872711484099,0.24381625441696114
2025-11-02,848,-6093.784817,-7.186067001179245,0.0,185,3298.990766509434,0.5618279809551887,0.21816037735849056
2025-11-03,3286,-76880.729036,-23.3964482763238,0.0,616,4265.657970176507,0.7428728673280585,0.18746195982958003
2025-11-04,1096,126406.479081,115.33437872354014,0.0,368,10327.853166058394,1.983977261031113,0.3357664233576642
2025-12-01,602,5742.241803,9.538607646179402,0.72332,472,3751.59330564784,1.0167487586378738,0.7840531561461794
2025-12-02,1031,19848.635032,19.251828353055284,0.0,477,4019.3739476236665,1.0661057528031037,0.4626576139670223
2025-12-03,3968,288105.984215,72.60735489289314,1.6060059999999998,2240,4692.071358366935,0.9219792268069555,0.5645161290322581
2025-12-04,2109,410419.694533,194.60393292223802,0.0,574,26512.383826458037,5.461164710505927,0.2721669037458511
